,x
1,ACC1002
2,ACC1002X
3,ACC1006
4,ACC1701
5,ACC1701X
6,ACC2002
7,ACC2706
8,ACC2707
9,ACC3601
10,ACC3602
11,ACC3603
12,ACC3604
13,ACC3605
14,ACC3606
15,ACC3611
16,ACC3612
17,ACC3613
18,ACC3614
19,ACC3615
20,ACC3616
21,ACC3619
22,ACC4611
23,ACC4612A
24,ACC4613
25,ACC4614
26,ACC4615
27,ACC4616
28,ACC4619
29,ACC4629
31,AH2101
32,AH2201
33,AH2202
34,AH2203
35,AH3201
36,AH3202
37,AH3203
38,AH3204
39,ALS1010
40,ALS1010CP
41,AR1101
42,AR1102
43,AR1327
44,AR1328
45,AR2101
46,AR2102
47,AR2221
48,AR2222
49,AR2224
50,AR2225
51,AR2327
52,AR2524
53,AR2723
54,AR3101
55,AR3101A
56,AR3102
57,AR3102A
58,AR3151
59,AR3223
60,AR3421
61,AR3721
62,AR4001
63,AR4002
64,AR4101
65,AR4102
66,AR4103
67,AR4104
68,AR4221
69,AR4322
107,AS4232
108,ASP1201
109,ASP1201CH
110,ASP1201EC
111,ASP1201EN
112,ASP1201GE
113,ASP1201HY
114,ASP1201MS
129,AY1111
130,AY1130
141,BHD4001
142,BI3001
143,BI3001A
144,BI3001B
145,BI3001C
146,BI3001D
147,BI3001E
148,BI3001F
149,BI3001G
150,BI3002
151,BI3002A
152,BI3002B
153,BI3002C
154,BI3002D
155,BI3003
156,BI3003A
157,BI3003B
158,BI3003C
159,BI3003D
160,BIS3001
161,BIS3001A
191,BLD3001
192,BLD3002
193,BLD3003
194,BLD3004
337,BN1101
338,BN1102
339,BN2001
340,BN2102
341,BN2103
342,BN2201
343,BN2202
344,BN2204
345,BN2401
346,BN2402
347,BN3101
348,BN3202
349,BN3301
350,BN3402
351,BN3501
352,BN4101
353,BN4101R
354,BN4201
355,BN4202
356,BN4203
357,BN4301
358,BN4402
359,BN4403
360,BN4404
361,BN4406
362,BN4501
381,BPM1701
382,BPM1702
383,BPM1705
398,BS5770
399,BS6770
400,BSN3701
401,BSN3702
402,BSP1004
403,BSP1004X
404,BSP1005
405,BSP1702
406,BSP1702X
407,BSP1703
408,BSP1707
409,BSP2001
410,BSP2005
411,BSP3001
412,BSP3001A
413,BSP3001B
414,BSP3001C
415,BSP3513
416,BSP3516
417,BSP4513
418,BSS4003A
419,BSS4003B
420,BT1101
421,BT2101
422,BT2102
423,BT3101
424,BT3102
425,BT3103
426,BT4010
427,BT4101
428,BT4211
429,BT4212
430,BT4221
431,BT4222
451,CE1101
452,CE1102
453,CE2112
454,CE2134
455,CE2155
456,CE2183
457,CE2184
458,CE2407
459,CE2409
460,CE3101
461,CE3102
462,CE3115
463,CE3116
464,CE3121
465,CE3132
466,CE3155
467,CE3165
468,CE3166
469,CE4103
470,CE4104
471,CE4257
472,CE4258
473,CE4282
515,CFG1010
516,CFG1020
517,CFG2001
518,CG1111
519,CG1112
520,CG2023
521,CG2271
522,CG3002
523,CG3207
524,CG4001
525,CH1101E
526,CH2121
527,CH2141
528,CH2161
529,CH2162
530,CH2228
531,CH2242
532,CH2247
533,CH2252
534,CH2293
535,CH2299
536,CH2390
537,CH3221
538,CH3243
539,CH3245
540,CH3247
541,CH3261
542,CH3297
543,CH3298
544,CH3550
545,CH3551
546,CH4203
547,CH4204
548,CH4207
549,CH4224
550,CH4244
551,CH4247
552,CH4261
553,CH4281
554,CH4401
555,CH4660
593,CL1101E
594,CL2101
595,CL2102
596,CL2103
597,CL2104
598,CL2121
599,CL2210
600,CL2241
601,CL2280
602,CL2281
603,CL3202
604,CL3205
605,CL3207
606,CL3210
607,CL3213
608,CL3221
609,CL3281
610,CL3284
611,CL3285
612,CL3550
613,CL3551
614,CLC2201
615,CM1111
616,CM1121
617,CM1131
618,CM1191
619,CM1401
620,CM1402
621,CM1417
622,CM1501
623,CM1502
624,CM1502X
625,CM2101
626,CM2111
627,CM2121
628,CM2191
629,CM2192
630,CM2288
631,CM2289
632,CM3201
633,CM3212
634,CM3221
635,CM3222
636,CM3225
637,CM3231
638,CM3232
639,CM3242
640,CM3251
641,CM3252
642,CM3253
643,CM3261
644,CM3288
645,CM3289
646,CM3291
647,CM3292
648,CM3295
649,CM3296
650,CM3301
651,CM3302
652,CM3310
653,CM3311
654,CM3312
655,CM4199A
656,CM4201
657,CM4212
658,CM4214
659,CM4215
660,CM4225
661,CM4227
662,CM4228
663,CM4238
664,CM4241
665,CM4242
666,CM4251
667,CM4252
668,CM4253
669,CM4254
670,CM4258
671,CM4269
672,CM4271
673,CM4273
674,CM4274
675,CM4282
676,CM4299
697,CN1101
698,CN1102
699,CN1111
700,CN1111E
701,CN2108
702,CN2116
703,CN2116E
704,CN2121
705,CN2121E
706,CN2122
707,CN2122E
708,CN2125
709,CN2125E
710,CN3108
711,CN3109
712,CN3121
713,CN3121E
714,CN3124
715,CN3124E
716,CN3132
717,CN3132E
718,CN3135
719,CN3135E
720,CN3421
721,CN3421E
722,CN4118
723,CN4118E
724,CN4118R
725,CN4119E
726,CN4122
727,CN4122E
728,CN4123
729,CN4123E
730,CN4123R
731,CN4203R
732,CN4205E
733,CN4205R
734,CN4208E
735,CN4210E
736,CN4211E
737,CN4211R
738,CN4215E
739,CN4215R
740,CN4216E
741,CN4216R
742,CN4221R
743,CN4223R
744,CN4227E
745,CN4227R
746,CN4233E
747,CN4240E
748,CN4240R
749,CN4242E
750,CN4246E
751,CN4246R
752,CN4247R
753,CN4248
754,CN4250
755,CN4251
782,COS2000
783,CP2106
784,CP2201
785,CP2202
786,CP3101A
787,CP3106
788,CP3108A
789,CP3108B
790,CP3109
791,CP3200
792,CP3201
793,CP3202
794,CP3208
795,CP3209
796,CP3880
797,CP4101
802,CS1010
803,CS1010E
804,CS1010J
805,CS1010R
806,CS1010S
807,CS1010X
808,CS1010XCP
809,CS1020
810,CS1020E
811,CS1101S
812,CS1231
813,CS1231R
814,CS2010
815,CS2010R
816,CS2030
817,CS2040
818,CS2040C
819,CS2100
820,CS2100R
821,CS2101
822,CS2102
823,CS2102R
824,CS2103
825,CS2103R
826,CS2103T
827,CS2104
828,CS2104R
829,CS2105
830,CS2105R
831,CS2106
832,CS2107
833,CS2108
834,CS2113
835,CS2113T
836,CS2220
837,CS2309
838,CS3103
839,CS3201
840,CS3201R
841,CS3202
842,CS3202R
843,CS3205
844,CS3210
845,CS3211
846,CS3216
847,CS3217
848,CS3218
849,CS3219
850,CS3219R
851,CS3223
852,CS3225
853,CS3230
854,CS3230R
855,CS3233
856,CS3233R
857,CS3234
858,CS3235
859,CS3236
860,CS3240
861,CS3240R
862,CS3241
863,CS3241R
864,CS3242
865,CS3243
866,CS3243R
867,CS3244
868,CS3245
869,CS3247
870,CS3281
871,CS3282
872,CS4211
873,CS4212
874,CS4215
875,CS4218
876,CS4220
877,CS4221
878,CS4222
879,CS4223
880,CS4224
881,CS4225
882,CS4226
883,CS4231
884,CS4232
885,CS4234
886,CS4236
887,CS4238
888,CS4239
889,CS4240
890,CS4242
891,CS4243
892,CS4244
893,CS4246
894,CS4247
895,CS4248
896,CS4249
897,CS4257
898,CS4347
899,CS4350
900,CS4351
950,DAO1704
951,DAO1704X
952,DAO1704Y
953,DE4201
971,DSA1101
972,DSA2101
973,DSA2102
974,DSA3310
975,DSA3311
976,DSA3312
977,DSA4212
978,DSC1007
979,DSC1007X
980,DSC2006
981,DSC2008
982,DSC3201
983,DSC3202
984,DSC3203
985,DSC3214
986,DSC3215
987,DSC3216
988,DSC3222M
989,DSC3224
990,DSC3229
991,DSC3239
992,DSC4211C
993,DSC4211G
994,DSC4213
995,DSC4215
996,DSC4216
997,DSC4217
998,DSC4219
999,DSC4229
1038,EC1101E
1039,EC1301
1040,EC2101
1041,EC2102
1042,EC2104
1043,EC2204
1044,EC2303
1045,EC2374
1046,EC3101
1047,EC3102
1048,EC3303
1049,EC3304
1050,EC3305
1051,EC3312
1052,EC3314
1053,EC3322
1054,EC3332
1055,EC3333
1056,EC3342
1057,EC3343
1058,EC3351
1059,EC3361
1060,EC3371
1061,EC3373
1062,EC3375
1063,EC3377
1064,EC3381
1065,EC3383
1066,EC3386
1067,EC3394
1068,EC3396
1069,EC3551
1070,EC4301
1071,EC4302
1072,EC4303
1073,EC4304
1074,EC4305
1075,EC4306
1076,EC4307
1077,EC4324
1078,EC4332
1079,EC4333
1080,EC4334
1081,EC4342
1082,EC4343
1083,EC4351
1084,EC4352
1085,EC4353
1086,EC4361
1087,EC4362
1088,EC4371
1089,EC4372
1090,EC4382
1091,EC4387
1092,EC4394
1093,EC4396
1094,EC4398
1095,EC4399
1096,EC4401
1097,EC4660
1098,EC4880
1099,EC4880A
1146,EE1001E
1147,EE1001X
1148,EE2011
1149,EE2011E
1150,EE2012
1151,EE2020
1152,EE2020E
1153,EE2021E
1154,EE2023
1155,EE2023E
1156,EE2024
1157,EE2024E
1158,EE2025
1159,EE2026
1160,EE2027
1161,EE2028
1162,EE2031
1163,EE2031E
1164,EE2032
1165,EE2032E
1166,EE3030A
1167,EE3030B
1168,EE3031
1169,EE3031E
1170,EE3104C
1171,EE3104E
1172,EE3131C
1173,EE3131E
1174,EE3204
1175,EE3204E
1176,EE3206
1177,EE3206E
1178,EE3207E
1179,EE3302
1180,EE3302E
1181,EE3304
1182,EE3331C
1183,EE3331E
1184,EE3407
1185,EE3407E
1186,EE3408C
1187,EE3408E
1188,EE3409
1189,EE3431C
1190,EE3431E
1191,EE3501E
1192,EE3505C
1193,EE3701
1194,EE3731C
1195,EE4001
1196,EE4101
1197,EE4101E
1198,EE4104
1199,EE4112
1200,EE4112E
1201,EE4210
1202,EE4210E
1203,EE4212
1204,EE4214E
1205,EE4218
1206,EE4302
1207,EE4305
1208,EE4305E
1209,EE4307
1210,EE4308
1211,EE4415
1212,EE4415E
1213,EE4434
1214,EE4435
1215,EE4435E
1216,EE4436
1217,EE4436E
1218,EE4437
1219,EE4438
1220,EE4501
1221,EE4502
1222,EE4511
1223,EE4603
1286,EG1109
1287,EG1111
1288,EG1112
1289,EG1310
1290,EG1603
1291,EG2201A
1292,EG2301
1293,EG2311
1294,EG2401
1295,EG2603
1296,EG2603B
1297,EG2604
1298,EG2605
1299,EG2606A
1300,EG2606B
1301,EG2610
1302,EG3301R
1303,EG3601
1304,EG3602
1305,EG3611
1306,EG3612
1307,EG4301
1308,EG5911
1309,EL1101E
1310,EL2101
1311,EL2102
1312,EL2111
1313,EL2151
1314,EL3201
1315,EL3203
1316,EL3205
1317,EL3208
1318,EL3211
1319,EL3212
1320,EL3213
1321,EL3214
1322,EL3216
1323,EL3221
1324,EL3251
1325,EL3261
1326,EL3551
1327,EL4201
1328,EL4203
1329,EL4216
1330,EL4221
1331,EL4222
1332,EL4251
1333,EL4252
1334,EL4253
1335,EL4255
1336,EL4401
1337,EL4660
1338,EL4880B
1363,EM1001
1364,EM1002
1365,EM1201
1366,EM1202
1367,EN1101E
1368,EN2201
1369,EN2202
1370,EN2203
1371,EN2275
1372,EN3222
1373,EN3223
1374,EN3224
1375,EN3227
1376,EN3229
1377,EN3241
1378,EN3242
1379,EN3245
1380,EN3248
1381,EN3249
1382,EN3263
1383,EN3264
1384,EN3271
1385,EN3551
1386,EN3880B
1387,EN4227
1388,EN4232
1389,EN4234
1390,EN4241
1391,EN4242
1392,EN4245
1393,EN4248
1394,EN4262
1395,EN4265
1396,EN4266
1397,EN4401
1398,EN4660
1399,EN4880A
1423,ENV1101
1424,ENV1202
1425,ENV2101
1426,ENV2102
1427,ENV2103
1428,ENV3101
1429,ENV3102
1430,ENV3103
1431,ENV3202
1432,ENV4101
1433,ES1000
1434,ES1102
1435,ES1103
1436,ES1501A
1437,ES1501C
1438,ES1501Q
1439,ES1531
1440,ES1541
1441,ES1601
1442,ES2002
1443,ES2007D
1444,ES2331
1445,ES2660
1450,ESE1001
1451,ESE1102
1452,ESE2001
1453,ESE2401
1454,ESE3001
1455,ESE3101
1456,ESE3201
1457,ESE3301
1458,ESE3401
1459,ESE4403
1460,ESE4405
1461,ESE4406
1462,ESE4409
1463,ESE4501
1464,ESE4502
1465,ESE4502R
1480,ESP1104A
1481,ESP2106
1482,ESP2109
1483,ESP2110
1484,ESP3102
1485,ESP3401
1486,ESP3902
1487,ESP3903
1488,ESP4206
1489,ESP4302
1490,ESP4401
1491,ESP4402
1492,ESP4901
1493,EU1101E
1494,EU2203
1495,EU2204
1496,EU2213
1497,EU2214
1498,EU2221
1499,EU3212
1500,EU3224
1501,EU3230
1502,EU4214
1503,EU4224
1504,EU4225
1505,EU4228
1506,EU4401
1507,EU4660
1508,FAS1101
1509,FAS1102
1510,FAS2550
1511,FAS2551
1512,FAS2552
1513,FAS2553
1514,FDP2001
1515,FDP2002
1516,FDP2011
1517,FDP2021
1536,FIN2004
1537,FIN2004X
1538,FIN3101A
1539,FIN3101B
1540,FIN3101C
1541,FIN3102A
1542,FIN3102B
1543,FIN3102C
1544,FIN3102D
1545,FIN3103A
1546,FIN3103B
1547,FIN3113
1548,FIN3115
1549,FIN3116
1550,FIN3117
1551,FIN3118
1552,FIN3119
1553,FIN3120B
1554,FIN3120C
1555,FIN3120D
1556,FIN3129
1557,FIN3130
1558,FIN3131
1559,FIN3132
1560,FIN3139
1561,FIN4111
1562,FIN4112G
1563,FIN4112K
1564,FIN4112L
1565,FIN4113
1566,FIN4113Y
1567,FIN4115
1568,FIN4116
1569,FIN4118
1570,FIN4119
1571,FIN4122
1572,FIN4123
1573,FIN4129
1576,FMA1202D
1577,FMA1203C
1578,FMA1204C
1579,FMA1206H
1580,FMA1207H
1581,FMC1201
1582,FME1206
1583,FMS1203S
1584,FMS1204M
1585,FMS1204S
1586,FMS1205P
1587,FMS1206P
1588,FMS1207C
1589,FMS1207M
1590,FMS1207P
1591,FMS1208C
1592,FMS1210P
1593,FMS1212P
1594,FMS1214B
1595,FMS1214P
1596,FMS1215B
1597,FMS1218B
1598,FMS1221B
1599,FMS1225B
1600,FMS1226B
1601,FMS1227B
1602,FSP4003
1603,FST1101
1604,FST1103
1605,FST2102B
1606,FST2106
1607,FST2107
1608,FST2108
1609,FST2201
1610,FST2204
1611,FST2288
1612,FST2289
1613,FST3101
1614,FST3103
1615,FST3105
1616,FST3106
1617,FST3181
1618,FST3201
1619,FST3202
1620,FST3288
1621,FST3289
1622,FST4102
1623,FST4103
1624,FST4199
1625,FST4202
1626,FST5202
1627,FST5204
1628,FST5226
1629,FST5303
1630,GE1101E
1631,GE2101
1632,GE2202
1633,GE2204
1634,GE2206
1635,GE2215
1636,GE2218
1637,GE2220
1638,GE2221
1639,GE2222
1640,GE2227
1641,GE2228
1642,GE2229
1643,GE2230
1644,GE2231
1645,GE3201
1646,GE3204
1647,GE3206
1648,GE3210
1649,GE3216
1650,GE3219
1651,GE3224
1652,GE3226
1653,GE3227
1654,GE3230A
1655,GE3231
1656,GE3235
1657,GE3240
1658,GE3241
1659,GE3244
1660,GE3550A
1661,GE3550B
1662,GE3551
1663,GE4102
1664,GE4202
1665,GE4204
1666,GE4207
1667,GE4211
1668,GE4212
1669,GE4213
1670,GE4214
1671,GE4217
1672,GE4218
1673,GE4219
1674,GE4220
1675,GE4222
1676,GE4223
1677,GE4225
1678,GE4226
1679,GE4227
1680,GE4228
1681,GE4229
1682,GE4401
1683,GE4660
1699,GEH1001
1700,GEH1002
1701,GEH1004
1702,GEH1005
1703,GEH1006
1704,GEH1009
1705,GEH1010
1706,GEH1013
1707,GEH1014
1708,GEH1015
1709,GEH1018
1710,GEH1019
1711,GEH1022
1712,GEH1025
1713,GEH1025T
1714,GEH1026
1715,GEH1027
1716,GEH1028
1717,GEH1032
1718,GEH1034
1719,GEH1036
1720,GEH1038
1721,GEH1039
1722,GEH1040
1723,GEH1041
1724,GEH1042
1725,GEH1043
1726,GEH1044
1727,GEH1045
1728,GEH1046
1729,GEH1047
1730,GEH1048
1731,GEH1049
1732,GEH1050
1733,GEH1051
1734,GEH1053
1735,GEH1054
1736,GEH1055
1737,GEH1056
1738,GEH1057
1739,GEH1058
1740,GEH1060
1741,GEH1061
1742,GEH1062
1743,GEH1063
1744,GEH1065
1745,GEH1066
1746,GEH1067
1747,GEH1068
1748,GEH1070
1749,GEK1000
1750,GEK1002
1751,GEK1003
1752,GEK1005
1753,GEK1007
1754,GEK1008
1755,GEK1010
1756,GEK1010T
1757,GEK1011
1758,GEK1012
1759,GEK1018
1760,GEK1021
1761,GEK1022
1762,GEK1029T
1763,GEK1041
1764,GEK1042
1765,GEK1045
1766,GEK1046
1767,GEK1048
1768,GEK1049
1769,GEK1053
1770,GEK1054
1771,GEK1055
1772,GEK1056
1773,GEK1062
1774,GEK1064
1775,GEK1065
1776,GEK1066
1777,GEK1067
1778,GEK1501
1779,GEK1505
1780,GEK1508
1781,GEK1509
1782,GEK1513
1783,GEK1519
1784,GEK1520
1785,GEK1521
1786,GEK1522
1787,GEK1522T
1788,GEK1523T
1789,GEK1529
1790,GEK1531
1791,GEK1534
1792,GEK1537
1793,GEK1539
1794,GEK1540
1795,GEK1544
1796,GEK1547
1797,GEK1549
1798,GEK1900
1799,GEK2001
1800,GEK2003
1801,GEK2005
1802,GEK2008
1803,GEK2013
1804,GEK2020
1805,GEK2022
1806,GEK2025
1807,GEK2028
1808,GEK2029
1809,GEK2030
1810,GEK2038
1811,GEK2041
1812,GEK2042
1813,GEK2044
1814,GEK2045
1815,GEK2048
1816,GEK2049
1817,GEK2050
1818,GEK2505
1819,GEK2506
1820,GEM1003
1821,GEM1004
1822,GEM1008
1823,GEM1029
1824,GEM1030
1825,GEM1031
1826,GEM1033
1827,GEM1036
1828,GEM1046
1829,GEM1050
1830,GEM1051
1831,GEM1052
1832,GEM1505D
1833,GEM1535
1834,GEM1536
1835,GEM1902B
1836,GEM1902C
1837,GEM1902E
1838,GEM1902G
1839,GEM1902H
1840,GEM1902S
1841,GEM1912A
1842,GEM1912B
1843,GEM1913
1844,GEM1917
1845,GEM2000
1846,GEM2006
1847,GEM2021
1848,GEM2022
1849,GEM2025
1850,GEM2027
1851,GEM2505
1852,GEM2902X
1853,GEM2905X
1854,GEM2907X
1855,GEM3900
1856,GEM3901
1857,GEQ1000
1858,GEQ1000E
1859,GEQ1000K
1860,GEQ1000P
1861,GEQ1000R
1862,GEQ1000S
1863,GEQ1000T
1864,GEQ1000W
1865,GEQ1917
1866,GER1000
1867,GER1000E
1868,GER1000K
1869,GER1000P
1870,GER1000R
1871,GER1000S
1872,GER1000T
1873,GER1000W
1874,GES1000
1875,GES1000T
1876,GES1001T
1877,GES1002
1878,GES1002T
1879,GES1003
1880,GES1004
1881,GES1005
1882,GES1006
1883,GES1007
1884,GES1008
1885,GES1010
1886,GES1011
1887,GES1013
1888,GES1014
1889,GES1015
1890,GES1016
1891,GES1017
1892,GES1018
1893,GES1019
1894,GES1020
1895,GES1021
1896,GES1023
1897,GES1024
1898,GES1025
1899,GES1026
1900,GES1027
1901,GES1028
1902,GES1030
1903,GES1031
1904,GES1032
1905,GES1033
1906,GES1034
1907,GES1035
1908,GES1036
1909,GES1038
1910,GES1039
1911,GET1001
1912,GET1002
1913,GET1003
1914,GET1004
1915,GET1008
1916,GET1009
1917,GET1011
1918,GET1014
1919,GET1015
1920,GET1016
1921,GET1016T
1922,GET1018
1923,GET1019
1924,GET1020
1925,GET1021
1926,GET1022
1927,GET1023
1928,GET1024
1929,GET1025
1930,GET1026
1931,GET1027
1932,GET1028
1933,GET1029
1934,GET1030
1935,GET1031
1936,GET1031A
1937,GET1032
1938,GET1033
1939,GET1034
1940,GET1035
1941,GET1036
1942,GET1037
1943,GET1038
1944,GET1039
1945,GET1040
1946,GET1041
1947,GET1042
1948,GET1043
1949,GET1044
1950,GET1045
1951,GET1046
1952,GET1047
1953,GL1101E
1954,GL2101
1955,GL2102
1956,GL2103
1957,GL3201
1958,GL3550
1959,GL3551
1960,GL4101
1961,GL4102
1962,GL4401
1963,GL4660
1964,GL4880A
1965,GL4882A
1966,GL4882B
1967,GL4882D
1968,GL4883B
1969,GL4889B
1970,GMS1000
2004,HR1424T
2005,HR2002
2006,HR2002T
2007,HY1101E
2008,HY2206
2009,HY2208
2010,HY2210
2011,HY2231
2012,HY2232
2013,HY2235
2014,HY2245
2015,HY2249
2016,HY2250
2017,HY2259
2018,HY2260
2019,HY3204
2020,HY3205
2021,HY3206
2022,HY3209
2023,HY3225
2024,HY3226
2025,HY3227
2026,HY3245
2027,HY3246
2028,HY3250
2029,HY3256
2030,HY3257
2031,HY3258
2032,HY3260
2033,HY3551
2034,HY4205
2035,HY4207
2036,HY4210
2037,HY4212
2038,HY4214
2039,HY4218
2040,HY4222
2041,HY4225
2042,HY4226
2043,HY4227
2044,HY4230
2045,HY4233
2046,HY4401
2047,HY4660
2057,ID1105
2058,ID1106
2059,ID1113
2060,ID1121
2061,ID1223
2062,ID1321
2063,ID1322
2064,ID2041
2065,ID2042
2066,ID2105
2067,ID2106
2068,ID2111
2069,ID2112
2070,ID2113
2071,ID2114
2072,ID2115
2073,ID2122
2074,ID2123
2075,ID2323
2076,ID2324
2077,ID3041
2078,ID3105
2079,ID3106
2080,ID3123
2081,ID3124
2082,ID3125
2083,ID4105
2084,ID4106
2085,ID4121
2097,IDX1991
2098,IDX1992
2099,IDX1993
2100,IDX1994
2101,IDX2991
2102,IDX2992
2103,IDX2993
2104,IDX2994
2105,IDX2995
2106,IDX2996
2107,IDX3991
2108,IDX3992
2109,IDX3993
2110,IDX3994
2111,IDX3995
2112,IE1111
2113,IE1112
2114,IE2010E
2115,IE2100
2116,IE2100E
2117,IE2101
2118,IE2110
2119,IE2110E
2120,IE2120E
2121,IE2130
2122,IE2130E
2123,IE2140
2124,IE2140E
2125,IE2150
2126,IE2150E
2127,IE2290
2128,IE3010E
2129,IE3100E
2130,IE3100M
2131,IE3100R
2132,IE3101
2133,IE3101E
2134,IE3110
2135,IE3110E
2136,IE3120
2137,IE4100
2138,IE4100E
2139,IE4100R
2140,IE4101E
2141,IE4102
2142,IE4210
2143,IE4220
2144,IE4220E
2145,IE4221
2146,IE4230
2147,IE4230E
2148,IE4239E
2149,IE4240
2150,IE4240E
2151,IE4242E
2152,IE4243
2153,IE4244
2154,IE4249E
2155,IE4259E
2156,IE4299
2185,IEU3550
2186,IFS4101
2187,IFS4102
2188,IGL3550
2189,IL5101
2190,IL5102
2191,IL5103
2192,IL5104
2193,IL5105
2194,IL5106
2195,IL5107
2196,IL5201
2197,IL5202
2198,IL5203
2199,IL5204
2200,INM3550
2201,IPS3550
2202,IS1103
2203,IS1105
2204,IS2101
2205,IS2102
2206,IS2103
2207,IS3103
2208,IS3106
2209,IS3150
2210,IS3221
2211,IS3240
2212,IS3251
2213,IS3261
2214,IS4010
2215,IS4100
2216,IS4103
2217,IS4151
2218,IS4204
2219,IS4228
2220,IS4231
2221,IS4233
2222,IS4234
2223,IS4240
2224,IS4241
2225,IS4243
2226,IS4250
2227,IS4261
2228,IS4301
2229,IS4302
2230,IS4303
2260,IT1001
2261,IT1007
2262,JS1101E
2263,JS2101
2264,JS2203
2265,JS2213
2266,JS2216
2267,JS2225
2268,JS2230
2269,JS3101
2270,JS3213
2271,JS3214
2272,JS3223
2273,JS3227
2274,JS3229
2275,JS3230
2276,JS4101
2277,JS4207
2278,JS4209
2279,JS4213
2280,JS4214
2281,JS4216
2282,JS4225
2283,JS4227
2284,JS4230
2285,JS4401
2286,JS4660
2299,KE4102
2300,KE4202
2310,LA4202
2311,LA4203
2312,LA4212
2313,LA4301
2314,LA4701
2315,LA4702
2324,LAB1201
2325,LAB2201
2326,LAB3201
2327,LAB3202
2328,LAB4201
2329,LAB4202
2330,LAC1201
2331,LAC2201
2332,LAC3201
2333,LAC3202
2334,LAC3203
2335,LAC3204
2336,LAC4201
2337,LAC4202
2338,LAF1201
2339,LAF2201
2340,LAF3201
2341,LAF3202
2342,LAF3203
2343,LAF4201
2344,LAF4202
2345,LAG1201
2346,LAG2201
2347,LAG3201
2348,LAG3202
2349,LAG3203
2350,LAG4201
2351,LAG4202
2352,LAH1201
2353,LAH2201
2354,LAH3201
2355,LAH3202
2356,LAH4201
2357,LAH4202
2358,LAJ1201
2359,LAJ2201
2360,LAJ2202
2361,LAJ2203
2362,LAJ3201
2363,LAJ3202
2364,LAJ3204
2365,LAJ4203
2366,LAJ4205
2367,LAK1201
2368,LAK2201
2369,LAK3201
2370,LAK3202
2371,LAK3203
2372,LAK4201
2373,LAK4202
2374,LAL1201
2375,LAL2201
2376,LAM1201
2377,LAM2201
2378,LAM3201
2379,LAM3202
2380,LAM4201
2381,LAM4202
2382,LAR1201
2383,LAR2201
2384,LAR3201
2385,LAR3202
2386,LAR4201
2387,LAR4202
2388,LAS1201
2389,LAS2201
2390,LAS3201
2391,LAS3202
2392,LAS4201
2393,LAS4202
2394,LAT1201
2395,LAT2201
2396,LAT3201
2397,LAT3202
2398,LAT4201
2399,LAT4202
2400,LAV1201
2401,LAV2201
2402,LAV3201
2403,LAV3202
2404,LAV4201
2405,LAV4202
2406,LC1001A
2407,LC1001B
2408,LC1001D
2409,LC1001E
2410,LC1001F
2411,LC1002A
2412,LC1002B
2413,LC1002C
2414,LC1002D
2415,LC1002E
2416,LC1002F
2417,LC1003
2418,LC1004
2419,LC1015
2420,LC1016
2421,LC2004
2422,LC2006A
2423,LC2006B
2424,LC2006C
2425,LC2007
2426,LC2008B
2427,LC2008C
2428,LC2008D
2429,LC2008E
2430,LC2008F
2431,LC2009
2432,LC2010A
2433,LC2010B
2434,LC2010C
2435,LC2010D
2436,LC2010E
2437,LC2010F
2438,LC2012
2439,LC2013
2440,LC3001A
2441,LC3001B
2467,LL4002V
2468,LL4003V
2469,LL4004V
2470,LL4006V
2471,LL4007V
2472,LL4008AV
2473,LL4008BV
2474,LL4009V
2475,LL4012V
2476,LL4013V
2477,LL4014V
2478,LL4021V
2479,LL4022V
2480,LL4029V
2481,LL4030V
2482,LL4031V
2483,LL4032V
2484,LL4033V
2485,LL4034V
2486,LL4037V
2487,LL4043
2488,LL4044V
2489,LL4045V
2490,LL4049V
2491,LL4050V
2492,LL4051
2493,LL4054V
2494,LL4056BV
2495,LL4060B
2496,LL4063V
2497,LL4064V
2498,LL4067
2499,LL4069V
2500,LL4070V
2501,LL4071V
2502,LL4074
2503,LL4077V
2504,LL4089V
2505,LL4094AV
2506,LL4094BV
2507,LL4094CV
2508,LL4094V
2509,LL4097V
2510,LL4099V
2511,LL4104V
2512,LL4109V
2513,LL4111V
2514,LL4133V
2515,LL4135
2516,LL4140V
2517,LL4146V
2518,LL4150V
2519,LL4155
2520,LL4158V
2521,LL4161V
2522,LL4164V
2523,LL4172
2524,LL4175V
2525,LL4177V
2526,LL4178V
2527,LL4185V
2528,LL4195V
2529,LL4197V
2530,LL4202V
2531,LL4203
2532,LL4203A
2533,LL4203B
2534,LL4203C
2535,LL4205V
2536,LL4208V
2537,LL4209V
2538,LL4214
2539,LL4219
2540,LL4221
2541,LL4226
2542,LL4233V
2543,LL4235V
2544,LL4237V
2545,LL4242V
2546,LL4244V
2547,LL4246
2548,LL4254V
2549,LL4258V
2550,LL4259V
2551,LL4263V
2552,LL4276
2553,LL4277V
2554,LL4278V
2555,LL4283V
2556,LL4285V
2557,LL4286V
2558,LL4287V
2559,LL4289V
2560,LL4290V
2561,LL4292V
2562,LL4295
2563,LL4299
2564,LL4308V
2565,LL4309
2566,LL4310V
2567,LL4313V
2568,LL4314V
2569,LL4316V
2570,LL4317V
2571,LL4318V
2572,LL4319V
2573,LL4321
2574,LL4322
2575,LL4323
2576,LL4324
2577,LL4325
2578,LL4326
2579,LL4327V
2580,LL4328
2581,LL4329
2582,LL4330
2583,LL4331
2584,LL4332
2585,LL4334
2586,LL4335V
2587,LL4338V
2588,LL4339
2589,LL4396
2590,LL4397
2591,LL4398
2592,LL4399
2593,LL4402
2594,LL4403
2595,LL4405A
2596,LL4405B
2597,LL4407
2874,LSM1102
2875,LSM1105
2876,LSM1106
2877,LSM1301
2878,LSM1301X
2879,LSM1303
2880,LSM1306
2881,LSM1401
2882,LSM2191
2883,LSM2211
2884,LSM2212
2885,LSM2231
2886,LSM2232
2887,LSM2233
2888,LSM2234
2889,LSM2241
2890,LSM2251
2891,LSM2252
2892,LSM2253
2893,LSM2254
2894,LSM2288
2895,LSM2289
2896,LSM2291
2897,LSM3201
2898,LSM3211
2899,LSM3212
2900,LSM3214
2901,LSM3215
2902,LSM3216
2903,LSM3217
2904,LSM3218
2905,LSM3219
2906,LSM3222
2907,LSM3223
2908,LSM3224
2909,LSM3225
2910,LSM3226
2911,LSM3231
2912,LSM3232
2913,LSM3233
2914,LSM3234
2915,LSM3235
2916,LSM3241
2917,LSM3242
2918,LSM3243
2919,LSM3245
2920,LSM3246
2921,LSM3247
2922,LSM3252
2923,LSM3254
2924,LSM3255
2925,LSM3256
2926,LSM3258
2927,LSM3259
2928,LSM3262
2929,LSM3265
2930,LSM3266
2931,LSM3267
2932,LSM3272
2933,LSM3288
2934,LSM3289
2935,LSM3310
2936,LSM3311
2937,LSM3312
2938,LSM4199
2939,LSM4211
2940,LSM4213
2941,LSM4214
2942,LSM4215
2943,LSM4217
2944,LSM4221
2945,LSM4222
2946,LSM4223
2947,LSM4225
2948,LSM4226
2949,LSM4227
2950,LSM4228
2951,LSM4229
2952,LSM4231
2953,LSM4232
2954,LSM4234
2955,LSM4235
2956,LSM4241
2957,LSM4242
2958,LSM4243
2959,LSM4244
2960,LSM4245
2961,LSM4251
2962,LSM4252
2963,LSM4254
2964,LSM4255
2965,LSM4257
2966,LSM4261
2967,LSM4262
2968,LSM4263
2969,LSM4264
2970,LSM4265
2971,LSM4266
2972,LSM4267
2973,LSM4299
2974,LX5103
2975,MA1100
2976,MA1101R
2977,MA1102R
2978,MA1104
2979,MA1301
2980,MA1301X
2981,MA1311
2982,MA1312
2983,MA1421
2984,MA1505
2985,MA1506
2986,MA1507
2987,MA1508E
2988,MA1511
2989,MA1512
2990,MA1513
2991,MA1521
2992,MA2101
2993,MA2101S
2994,MA2104
2995,MA2108
2996,MA2108S
2997,MA2202
2998,MA2202S
2999,MA2213
3000,MA2214
3001,MA2216
3002,MA2219
3003,MA2288
3004,MA2289
3005,MA2311
3006,MA2501
3007,MA3110
3008,MA3110S
3009,MA3111
3010,MA3111S
3011,MA3201
3012,MA3205
3013,MA3209
3014,MA3218
3015,MA3220
3016,MA3227
3017,MA3233
3018,MA3236
3019,MA3238
3020,MA3252
3021,MA3259
3022,MA3264
3023,MA3265
3024,MA3266
3025,MA3269
3026,MA3288
3027,MA3289
3028,MA3310
3029,MA3311
3030,MA3312
3031,MA4199
3032,MA4203
3033,MA4207
3034,MA4211
3035,MA4221
3036,MA4229
3037,MA4230
3038,MA4235
3039,MA4247
3040,MA4251
3041,MA4254
3042,MA4255
3043,MA4260
3044,MA4261
3045,MA4262
3046,MA4264
3047,MA4266
3048,MA4268
3049,MA4269
3050,MA4270
3051,MA4271
3052,MA4291
3115,ME2101
3116,ME2101E
3117,ME2102
3118,ME2103
3119,ME2112
3120,ME2114
3121,ME2114E
3122,ME2121
3123,ME2121E
3124,ME2134
3125,ME2134E
3126,ME2135
3127,ME2135E
3128,ME2142
3129,ME2142E
3130,ME2143
3131,ME2143E
3132,ME2151
3133,ME2151E
3134,ME3000
3135,ME3001
3136,ME3103
3137,ME3112
3138,ME3112E
3139,ME3122
3140,ME3122E
3141,ME3162
3142,ME3162E
3143,ME3211
3144,ME3211E
3145,ME3221
3146,ME3232
3147,ME3233
3148,ME3233E
3149,ME3241
3150,ME3241E
3151,ME3242
3152,ME3242E
3153,ME3251
3154,ME3251E
3155,ME3261
3156,ME3261E
3157,ME3263
3158,ME3263E
3159,ME3281
3160,ME3291
3161,ME4101
3162,ME4101A
3163,ME4105
3164,ME4212
3165,ME4213
3166,ME4213E
3167,ME4223
3168,ME4223E
3169,ME4225
3170,ME4225E
3171,ME4226
3172,ME4227
3173,ME4231
3174,ME4233
3175,ME4241
3176,ME4245
3177,ME4245E
3178,ME4246
3179,ME4253
3180,ME4255
3181,ME4256
3182,ME4256E
3183,ME4261
3184,ME4261E
3185,ME4262
3186,ME4262E
3187,ME4263
3188,ME4291
3223,MIC2000
3224,MKT1003A
3225,MKT1003B
3226,MKT1003C
3227,MKT1003D
3228,MKT1003X
3229,MKT1705A
3230,MKT1705B
3231,MKT1705C
3232,MKT1705D
3233,MKT1705X
3234,MKT2401A
3235,MKT2401B
3236,MKT2411
3237,MKT2412
3238,MKT2413
3239,MKT2414
3240,MKT3402A
3241,MKT3402B
3242,MKT3412
3243,MKT3415
3244,MKT3417
3245,MKT3418
3246,MKT3420
3247,MKT3421
3248,MKT3428
3249,MKT3429
3250,MKT3439
3251,MKT4412
3252,MKT4413
3253,MKT4419
3254,MKT4420
3255,MKT4421
3256,MKT4429
3257,MLE1001
3258,MLE1002
3259,MLE1101
3260,MLE2101
3261,MLE2102
3262,MLE2103
3263,MLE2104
3264,MLE2105
3265,MLE2106
3266,MLE2107
3267,MLE2111
3268,MLE3101
3269,MLE3102
3270,MLE3103
3271,MLE3104
3272,MLE3105
3273,MLE3111
3274,MLE3202
3275,MLE3203
3276,MLE4101
3277,MLE4101R
3278,MLE4102
3279,MLE4201
3280,MLE4202
3281,MLE4203
3282,MLE4205
3283,MLE4206
3284,MLE4207
3285,MLE4208
3286,MLE4210
3293,MNO1001
3294,MNO1001A
3295,MNO1001B
3296,MNO1001C
3297,MNO1001D
3298,MNO1001X
3299,MNO1706A
3300,MNO1706B
3301,MNO1706C
3302,MNO1706D
3303,MNO1706X
3304,MNO2007A
3305,MNO2007B
3306,MNO2007C
3307,MNO2009
3308,MNO2302
3309,MNO2706
3310,MNO3301
3311,MNO3303
3312,MNO3313J
3313,MNO3322
3314,MNO3323
3315,MNO3329
3316,MNO3330
3317,MNO3331
3318,MNO3332
3319,MNO3339
3320,MNO4313D
3321,MNO4313E
3322,MNO4314
3323,MNO4316
3324,MNO4319
3325,MNO4329
3326,MS1102E
3327,MS2210
3328,MS2211
3329,MS2212
3330,MS2213
3331,MS2216
3332,MS3209
3333,MS3210
3334,MS3211
3335,MS3212
3336,MS3213
3337,MS3216
3338,MS3218
3339,MS3550
3340,MS4101
3341,MS4201
3342,MS4204
3343,MS4401
3344,MS4660
3345,MS4880A
3346,MS4880B
3355,MT2001
3356,MT3001
3357,MT4001
3358,MT4002
3359,MT4003
3382,MUA1101
3383,MUA1102
3384,MUA1107
3385,MUA1108
3386,MUA1109
3387,MUA1110
3388,MUA1111
3389,MUA1112
3390,MUA1115
3391,MUA1116
3392,MUA1118
3393,MUA1149
3394,MUA1150
3395,MUA1153
3396,MUA1154
3397,MUA1155
3398,MUA1156
3399,MUA1157
3400,MUA1161
3401,MUA1162
3402,MUA1163
3403,MUA1165
3404,MUA1166
3405,MUA1167
3406,MUA1170
3407,MUA1171
3408,MUA1180
3409,MUA1181
3410,MUA1190
3411,MUA1191
3412,MUA1192
3413,MUA1193
3414,MUA1196
3415,MUA1201
3416,MUA2101
3417,MUA2102
3418,MUA2107
3419,MUA2108
3420,MUA2109
3421,MUA2110
3422,MUA2120
3423,MUA2128
3424,MUA2130
3425,MUA2131
3426,MUA2153
3427,MUA2154
3428,MUA2155
3429,MUA2156
3430,MUA2161
3431,MUA2162
3432,MUA2163
3433,MUA2170
3434,MUA2171
3435,MUA2173
3436,MUA2174
3437,MUA2175
3438,MUA2176
3439,MUA2180
3440,MUA2181
3441,MUA2182
3442,MUA2183
3443,MUA2184
3444,MUA2185
3445,MUA2186
3446,MUA2187
3447,MUA2190
3448,MUA2191
3449,MUA2192
3450,MUA2193
3451,MUA2196
3452,MUA2201
3453,MUA2205
3454,MUA2206
3455,MUA2207
3456,MUA2208
3457,MUA2209
3458,MUA2210
3459,MUA2255
3460,MUA2256
3461,MUA2270
3462,MUA3101
3463,MUA3102
3464,MUA3103
3465,MUA3104
3466,MUA3105
3467,MUA3107
3468,MUA3108
3469,MUA3109
3470,MUA3110
3471,MUA3113
3472,MUA3115
3473,MUA3120
3474,MUA3128
3475,MUA3130
3476,MUA3131
3477,MUA3132
3478,MUA3133
3479,MUA3153
3480,MUA3154
3481,MUA3155
3482,MUA3156
3483,MUA3161
3484,MUA3162
3485,MUA3163
3486,MUA3164
3487,MUA3170
3488,MUA3171
3489,MUA3173
3490,MUA3174
3491,MUA3175
3492,MUA3176
3493,MUA3181
3494,MUA3182
3495,MUA3184
3496,MUA3185
3497,MUA3186
3498,MUA3187
3499,MUA3190
3500,MUA3191
3501,MUA3194
3502,MUA3201
3503,MUA3202
3504,MUA3203
3505,MUA3205
3506,MUA3206
3507,MUA3207
3508,MUA3210
3509,MUA3211
3510,MUA3213
3511,MUA3214
3512,MUA3215
3513,MUA3216
3514,MUA3218
3515,MUA3219
3516,MUA3220
3517,MUA3221
3518,MUA3222
3519,MUA3223
3520,MUA3224
3521,MUA3225
3522,MUA3226
3523,MUA3228
3524,MUA3255
3525,MUA3256
3526,MUA3260
3527,MUA3261
3528,MUA3264
3529,MUA3270
3530,MUA3271
3531,MUA3274
3532,MUA3275
3533,MUA3276
3534,MUA3277
3535,MUA4107
3536,MUA4108
3537,MUA4113
3538,MUA4153
3539,MUA4154
3540,MUA4155
3541,MUA4161
3542,MUA4162
3543,MUA4171
3544,MUA4172
3545,MUA4173
3546,MUA4174
3547,MUA4175
3548,MUA4176
3549,MUA4177
3550,MUA4181
3551,MUA4190
3552,MUA4191
3553,MUA4203
3554,MUA4205
3555,MUA4215
3556,MUA4219
3557,MUA4220
3558,MUA4228
3559,MUA4229
3560,MUA4231
3561,MUA4232
3584,MUH1100
3585,MUH1101
3586,MUH2201
3587,MUH2202
3588,MUH2203
3589,MUH3201
3590,MUH3202
3591,MUH3203
3592,MUH3204
3593,MUH3205
3594,MUH4201
3595,MUH4202
3596,MUH4203
3597,MUH4204
3598,MUL1101
3599,MUL1103
3600,MUL1105
3601,MUL1106
3602,MUL1107
3603,MUL1108
3604,MUL1109
3605,MUL1110
3606,MUL2101
3607,MUL2102
3608,MUL2202
3609,MUL2203
3610,MUL3201
3611,MUL3202
3612,MUL3203
3613,MUT1101
3614,MUT1122
3615,MUT1201
3616,MUT2201
3617,MUT2202
3618,MUT2203
3619,MUT2204
3620,MUT2205
3621,MUT3111
3622,MUT3112
3623,MUT3113
3624,MUT3114
3625,MUT3201
3626,MUT3201C
3627,MUT3202
3628,MUT3204
3629,MUT3205
3630,MUT3206
3631,MUT3207
3632,MUT3208
3633,MUT3210
3634,MUT3211
3635,MUT3212
3636,MUT3213
3637,MUT3214
3638,MUT3215
3639,MUT3216
3640,MUT3223
3641,MUT3224
3642,MUT4201
3643,MUT4202
3646,NM1101E
3647,NM1101X
3648,NM2101
3649,NM2103
3650,NM2104
3651,NM2201
3652,NM2203
3653,NM2207
3654,NM2207Y
3655,NM2208
3656,NM2209
3657,NM2212
3658,NM2213
3659,NM2219
3660,NM2220
3661,NM2302
3662,NM2303
3663,NM3202
3664,NM3203
3665,NM3204
3666,NM3205
3667,NM3207
3668,NM3210
3669,NM3211
3670,NM3213
3671,NM3215
3672,NM3216
3673,NM3217
3674,NM3219
3675,NM3221
3676,NM3222
3677,NM3223
3678,NM3224
3679,NM3226
3680,NM3230
3681,NM3231
3682,NM3232
3683,NM3232Y
3684,NM3233
3685,NM3237
3686,NM3239
3687,NM3550Y
3688,NM3551
3689,NM4102
3690,NM4203
3691,NM4204
3692,NM4206
3693,NM4207
3694,NM4209
3695,NM4210
3696,NM4211
3697,NM4212
3698,NM4213
3699,NM4219
3700,NM4221
3701,NM4223
3702,NM4225
3703,NM4226
3704,NM4227
3705,NM4228
3706,NM4229
3707,NM4230
3708,NM4231
3709,NM4238
3710,NM4401
3711,NM4660
3712,NM4881A
3713,NM4881B
3714,NM4881C
3715,NM4881D
3716,NM4881E
3717,NM4883D
3718,NM4883G
3730,NUR1107A
3731,NUR1108A
3732,NUR1110
3733,NUR1113
3734,NUR1114
3735,NUR1117
3736,NUR1118
3737,NUR1119
3738,NUR1120
3739,NUR1121
3740,NUR2106A
3741,NUR2107A
3742,NUR2113
3743,NUR2116
3744,NUR2118
3745,NUR2120
3746,NUR2121
3747,NUR2122
3748,NUR3105A
3749,NUR3109
3750,NUR3113
3751,NUR3114
3752,NUR3116A
3753,NUR3117
3754,NUR3118
3755,NUR4101
3756,NUR4102A
3757,NUR4103A
3758,NUR4104
3809,PA1113
3810,PC1141
3811,PC1142
3812,PC1143
3813,PC1144
3814,PC1221
3815,PC1221X
3816,PC1222
3817,PC1222X
3818,PC1322
3819,PC1326
3820,PC1327
3821,PC1421
3822,PC1431
3823,PC1431X
3824,PC1432
3825,PC1432X
3826,PC1433
3827,PC2130
3828,PC2130B
3829,PC2131
3830,PC2132
3831,PC2133
3832,PC2134
3833,PC2193
3834,PC2230
3835,PC2232
3836,PC2239
3837,PC2267
3838,PC2288
3839,PC2289
3840,PC3130
3841,PC3193
3842,PC3231
3843,PC3232
3844,PC3232B
3845,PC3233
3846,PC3235
3847,PC3236
3848,PC3238
3849,PC3239
3850,PC3241
3851,PC3243
3852,PC3246
3853,PC3247
3854,PC3251
3855,PC3267
3856,PC3274
3857,PC3288
3858,PC3289
3859,PC3294
3860,PC3310
3861,PC3311
3862,PC3312
3863,PC4199
3864,PC4199R
3865,PC4230
3866,PC4236
3867,PC4240
3868,PC4241
3869,PC4242
3870,PC4243
3871,PC4245
3872,PC4246
3873,PC4248
3874,PC4249
3875,PC4253
3876,PC4259
3877,PC4262
3878,PC4264
3879,PC4267
3880,PC4274
3898,PF1101
3899,PF1102
3900,PF1103
3901,PF1104
3902,PF1105
3903,PF2101
3904,PF2103
3905,PF2105
3906,PF2106
3907,PF2107
3908,PF2108
3909,PF2201
3910,PF2203
3911,PF2204
3912,PF2304
3913,PF2402
3914,PF2501
3915,PF2502
3916,PF2503
3917,PF2504
3918,PF3201
3919,PF3205
3920,PF3206
3921,PF3207
3922,PF3301
3923,PF3302
3924,PF3304
3925,PF3305
3926,PF3401
3927,PF3501
3928,PF4101
3929,PF4102
3930,PF4202
3931,PF4203
3932,PF4206
3933,PF4207
3934,PF4301
3935,PF4305
3936,PF4307
3937,PF4308
3938,PF4501
3939,PH2201
3940,PH2203
3941,PH2206
3942,PH2207
3943,PH2208
3944,PH2211
3945,PH2212
3946,PH2213
3947,PH2241
3948,PH2242
3949,PH2243
3950,PH2301
3951,PH3203
3952,PH3204
3953,PH3206
3954,PH3216
3955,PH3217
3956,PH3230
3957,PH3241
3958,PH3243
3959,PH3244
3960,PH3245
3961,PH3246
3962,PH3247
3963,PH3261
3964,PH3301
3965,PH4203
3966,PH4205
3967,PH4207
3968,PH4210
3969,PH4211
3970,PH4212
3971,PH4215
3972,PH4241
3973,PH4262
3974,PH4401
3975,PH4550
3976,PH4660
3987,PL1101E
3988,PL2131
3989,PL2132
3990,PL3231
3991,PL3232
3992,PL3233
3993,PL3234
3994,PL3235
3995,PL3236
3996,PL3239
3997,PL3240
3998,PL3241
3999,PL3242
4000,PL3244
4001,PL3249
4002,PL3251
4003,PL3252
4004,PL3254
4005,PL3257
4006,PL3258
4007,PL3259
4008,PL3260
4009,PL3281
4010,PL3281A
4011,PL3281B
4012,PL3281D
4013,PL3282
4014,PL3282A
4015,PL3282C
4016,PL3283
4017,PL3283A
4018,PL3284
4019,PL3551
4020,PL4201
4021,PL4202
4022,PL4203
4023,PL4205
4024,PL4206
4025,PL4207
4026,PL4214
4027,PL4219
4028,PL4221
4029,PL4222
4030,PL4223
4031,PL4224
4032,PL4226
4033,PL4228
4034,PL4229
4035,PL4230
4036,PL4231
4037,PL4233
4038,PL4235
4039,PL4236
4040,PL4237
4041,PL4239
4042,PL4240
4043,PL4241
4044,PL4401
4045,PL4501
4046,PL4660
4047,PL4880F
4048,PL4880G
4049,PL4880L
4050,PL4880P
4051,PL4880R
4068,PLB1201
4186,PR1110
4187,PR1111
4188,PR1120
4189,PR1140
4190,PR1142
4191,PR1301
4192,PR2114
4193,PR2115
4194,PR2122
4195,PR2131
4196,PR2133
4197,PR2134
4198,PR2135
4199,PR2143
4200,PR2202
4201,PR2288
4202,PR2289
4203,PR3116
4204,PR3117
4205,PR3122
4206,PR3123
4207,PR3124
4208,PR3136
4209,PR3137
4210,PR3144
4211,PR3145
4212,PR3146
4213,PR3202
4214,PR3288
4215,PR3289
4216,PR3301
4217,PR3312
4218,PR4138
4219,PR4196
4220,PR4197
4221,PR4198
4222,PR4201
4223,PR4205
4224,PR4206
4225,PR4207
4258,PS1101E
4259,PS2203
4260,PS2204
4261,PS2234
4262,PS2237
4263,PS2240
4264,PS2244
4265,PS2245
4266,PS2248
4267,PS2249
4268,PS2250
4269,PS2251
4270,PS2255
4271,PS2257
4272,PS2258
4273,PS3232
4274,PS3233
4275,PS3236
4276,PS3237
4277,PS3238
4278,PS3240
4279,PS3249
4280,PS3251
4281,PS3257
4282,PS3258
4283,PS3262
4284,PS3265
4285,PS3267
4286,PS3272
4287,PS3550
4288,PS3551
4289,PS3880G
4290,PS4202
4291,PS4203
4292,PS4205
4293,PS4208
4294,PS4209
4295,PS4213
4296,PS4216
4297,PS4217F
4298,PS4218
4299,PS4219
4300,PS4224
4301,PS4227
4302,PS4230
4303,PS4233
4304,PS4234
4305,PS4235
4306,PS4401
4307,PS4660
4308,PS4881C
4309,PS4881D
4310,PS4882F
4311,PS4882G
4312,PS4882H
4313,PS4882I
4314,PS4883A
4333,PX2108
4334,PY1131
4335,QF3101
4336,QF3310
4337,QF3311
4338,QF3312
4339,QF4102
4340,QF4199
4351,RE1701
4352,RE1702
4353,RE1703
4354,RE1704
4355,RE1705
4356,RE1706
4357,RE1901
4358,RE2101
4359,RE2102
4360,RE2103
4361,RE2104
4362,RE2105
4363,RE2106
4364,RE2107
4365,RE2301
4366,RE3101
4367,RE3102
4368,RE3103
4369,RE3104
4370,RE3105
4371,RE3106
4372,RE3107
4373,RE3201
4374,RE3211
4375,RE3212
4376,RE3221
4377,RE3222
4378,RE4000
4379,RE4001
4380,RE4203
4381,RE4204
4382,RE4210
4383,RE4211
4384,RE4212
4385,RE4213
4386,RE4221
4387,RE4222
4388,RE4223
4389,RE4301
4410,SA4101
4411,SA4102
4412,SA4104
4413,SA4105
4414,SA4106
4415,SA4107
4416,SA4108
4417,SC1101E
4418,SC2101
4419,SC2202
4420,SC2205
4421,SC2206
4422,SC2207
4423,SC2208
4424,SC2209
4425,SC2210
4426,SC2211
4427,SC2212
4428,SC2213
4429,SC2214
4430,SC2215
4431,SC2216
4432,SC2217
4433,SC2218
4434,SC2220
4435,SC2221
4436,SC2222
4437,SC3101
4438,SC3202
4439,SC3203
4440,SC3204
4441,SC3205
4442,SC3206
4443,SC3207
4444,SC3208
4445,SC3209
4446,SC3211
4447,SC3213
4448,SC3215
4449,SC3216
4450,SC3219
4451,SC3221
4452,SC3222
4453,SC3223
4454,SC3224
4455,SC3225
4456,SC3226
4457,SC3229
4458,SC3230
4459,SC3551
4460,SC4101
4461,SC4201
4462,SC4202
4463,SC4203
4464,SC4206
4465,SC4209
4466,SC4210
4467,SC4212
4468,SC4217
4469,SC4218
4470,SC4219
4471,SC4221
4472,SC4222
4473,SC4223
4474,SC4226
4475,SC4227
4476,SC4228
4477,SC4401
4478,SC4660
4479,SC4880B
4480,SC4881
4481,SC4882A
4482,SC4882B
4483,SC4883
4505,SE1101E
4506,SE2210
4507,SE2212
4508,SE2213
4509,SE2214
4510,SE2217
4511,SE2218
4512,SE2218T
4513,SE2221
4514,SE2222
4515,SE2223
4516,SE2224
4517,SE2225
4518,SE2229
4519,SE2660
4520,SE2880
4521,SE3214
4522,SE3218
4523,SE3218T
4524,SE3224
4525,SE3226
4526,SE3227
4527,SE3228
4528,SE3231
4529,SE3232
4530,SE3233
4531,SE3550
4532,SE3660
4533,SE4101
4534,SE4210
4535,SE4217
4536,SE4218
4537,SE4226
4538,SE4401
4539,SE4660
4559,SG4101
4560,SG4205
4561,SG4206
4562,SG4207
4563,SG4210
4564,SG4211
4609,SLP5105
4610,SLP5106
4611,SLP5107
4612,SLP5108
4613,SLP5109
4614,SLP5110
4615,SLP5111
4616,SLP5112
4617,SLP5113
4618,SLP5118
4619,SN1101E
4620,SN2213
4621,SN2234
4622,SN2271
4623,SN2274
4624,SN2275
4625,SN2277
4626,SN2280
4627,SN2283
4628,SN3223
4629,SN3261
4630,SN3272
4631,SN3274
4632,SN3275
4633,SN3282
4634,SN3550
4635,SN4221
4636,SN4401
4637,SN5660
4638,SN6660
4639,SN6770
4640,SP1230
4641,SP1541
4642,SP2171
4643,SP2173
4644,SP2174
4645,SP2251
4646,SP3172
4647,SP3175
4648,SP3176
4649,SP3202
4650,SP3203
4651,SP3277
4652,SPH2101
4653,SPH2102
4654,SPH2103
4655,SPH2104
4656,SPH2105
4657,SPH2106
4658,SPH2201
4659,SPH3101
4660,SPH3102
4661,SPH3103
4662,SPH3104
4663,SPH3109
4664,SPH3201
4730,SSA1201
4731,SSA1202
4732,SSA1203
4733,SSA1206
4734,SSA1207
4735,SSA1208
4736,SSA2202
4737,SSA2204
4738,SSA2205
4739,SSA2206
4740,SSA2207
4741,SSA2209
4742,SSA2211
4743,SSA2214
4744,SSA2215
4745,SSA2219
4746,SSA2220
4747,SSA2220T
4748,SSA2222
4749,SSA3201
4750,SSA3203
4751,SSA3205
4752,SSB1204
4753,SSB1204T
4754,SSB2216T
4755,SSB2217
4756,SSD1203
4757,SSD2210
4758,SSD2213
4759,SSE1201
4760,SSS1207
4761,SSY2223
4762,ST1131
4763,ST1232
4764,ST2131
4765,ST2132
4766,ST2137
4767,ST2288
4768,ST2289
4769,ST2334
4770,ST3131
4771,ST3232
4772,ST3233
4773,ST3235
4774,ST3236
4775,ST3239
4776,ST3240
4777,ST3241
4778,ST3242
4779,ST3243
4780,ST3244
4781,ST3246
4782,ST3247
4783,ST3288
4784,ST3289
4785,ST3310
4786,ST3311
4787,ST3312
4788,ST4199
4789,ST4231
4790,ST4232
4791,ST4233
4792,ST4234
4793,ST4238
4794,ST4240
4795,ST4241
4796,ST4242
4797,ST4245
4798,ST5198
4799,ST5199
4814,STR1000
4815,STR2000
4816,SW1101E
4817,SW2101
4818,SW2104
4819,SW2105
4820,SW2106
4821,SW3101
4822,SW3103A
4823,SW3104
4824,SW3105
4825,SW3207
4826,SW3209
4827,SW3213
4828,SW3215
4829,SW3216
4830,SW3217
4831,SW3219
4832,SW3551
4833,SW3880
4834,SW4101
4835,SW4102
4836,SW4103
4837,SW4201
4838,SW4202
4839,SW4208
4840,SW4209
4841,SW4211
4842,SW4216
4843,SW4220
4844,SW4221
4845,SW4401
4846,SW4660
4872,TBA2101
4873,TBA2102
4874,TC1005
4875,TC1411
4876,TC1422
4877,TCE1109
4878,TCE2112
4879,TCE2134
4880,TCE2155
4881,TCE3115
4882,TCN1005
4883,TCN1111
4884,TCN1411
4885,TCN1422
4886,TCN2116
4887,TCN2121
4888,TCN2122
4889,TCN2125
4890,TCN3121
4891,TCN3124
4892,TCN3132
4893,TCN3421
4894,TCN4119
4895,TCN4122
4896,TCN4205
4897,TCN4208
4898,TCN4210
4899,TCN4215
4900,TCN4227
4901,TCN4233
4902,TCN4240
4903,TCN4242
4904,TCN4246
4905,TE2002
4906,TE2003
4907,TE2101
4908,TE3201
4909,TE3801
4910,TE4001
4911,TEE1001
4912,TEE2002
4913,TEE2003
4914,TEE2011
4915,TEE2020
4916,TEE2021
4917,TEE2023
4918,TEE2024
4919,TEE2031
4920,TEE2032
4921,TEE2101
4922,TEE3031
4923,TEE3104
4924,TEE3131
4925,TEE3201
4926,TEE3204
4927,TEE3206
4928,TEE3207
4929,TEE3302
4930,TEE3331
4931,TEE3407
4932,TEE3408
4933,TEE3431
4934,TEE3501
4935,TEE3801
4936,TEE4001
4937,TEE4101
4938,TEE4112
4939,TEE4210
4940,TEE4214
4941,TEE4415
4942,TEE4435
4943,TEE4436
4944,TG1401
4945,TG1422
4946,TG1423
4947,TG2415
4948,TG3001
4949,TG3002
4950,TG3101A
4951,TG3101B
4952,TIC1001
4953,TIC1002
4954,TIC1101
4955,TIC1201
4956,TIE2010
4957,TIE2100
4958,TIE2110
4959,TIE2120
4960,TIE2130
4961,TIE2140
4962,TIE2150
4963,TIE3010
4964,TIE3100
4965,TIE3101
4966,TIE3110
4967,TIE4220
4968,TIE4230
4969,TIE4240
4970,TIE4242
4971,TIE4249
4972,TIE4259
4973,TM2401
4974,TM3101
4975,TM4101
4976,TM4102
4977,TM4209
4978,TM4263
4979,TM4264
4980,TMA1001
4981,TMA2101
4982,TME2101
4983,TME2114
4984,TME2121
4985,TME2134
4986,TME2135
4987,TME2142
4988,TME2143
4989,TME2151
4990,TME2401
4991,TME3101
4992,TME3112
4993,TME3122
4994,TME3162
4995,TME3211
4996,TME3233
4997,TME3241
4998,TME3242
4999,TME3251
5000,TME3261
5001,TME3263
5002,TME4213
5003,TME4223
5004,TME4225
5005,TME4245
5006,TME4256
5007,TME4261
5008,TME4262
5009,TME4264
5015,TR2201
5016,TR2201Y
5017,TR3001
5018,TR3002
5019,TR3002N
5020,TR3008
5021,TR3202
5022,TR3203E
5023,TR3203N
5024,TR3203P
5025,TR3203T
5026,TR4049N
5027,TR4049S
5028,TR4049T
5029,TS1101E
5030,TS2217
5031,TS2221
5032,TS2233
5033,TS2234
5034,TS2236
5035,TS2239
5036,TS2240
5037,TS2241
5038,TS2243
5039,TS2880A
5040,TS2880B
5041,TS3103
5042,TS3222
5043,TS3232
5044,TS3233
5045,TS3234
5046,TS3235
5047,TS3240
5048,TS3242
5049,TS3245
5050,TS3246
5051,TS3551
5052,TS4217
5053,TS4218
5054,TS4219
5055,TS4220
5056,TS4221
5057,TS4222
5058,TS4401
5059,TS4660
5060,TS4880C
5067,TTG1401
5068,TTG2415
5069,TTG3001
5070,TTG3002
5071,TTG3101A
5072,TTG3101B
5073,UAR2207
5074,UAR2208
5075,UBM2201
5076,UBM2202
5077,UCV2209
5085,UHB2204
5086,UHB2207
5087,UHB2212
5088,UHB2213
5089,UIS3901
5090,UIS3901S
5091,UIS3902
5092,UIS3902S
5093,UIS3911EC
5094,UIS3911EN
5095,UIS3911HY
5096,UIS3911PL
5097,UIS3911PS
5098,UIS3921
5099,UIS3921R
5100,UIS3922
5101,UIS3922R
5102,UIS3923
5103,UIS3923R
5104,UIS3924
5105,UIS3924R
5106,UIS3931
5107,UIS3932
5108,UIS3933
5109,UIS3934
5110,UIS3941
5111,UIS3941R
5112,UIS3942
5113,UIS3942R
5114,UIS3943
5115,UIS3943R
5116,UIS3944
5117,UIS3944R
5118,UIS4911EL
5119,UIS4911EN
5120,UIS4911PL
5121,UIS4911PS
5122,UIS4911SC
5123,UIS4912GE
5124,UIS4921
5125,UIS4921R
5126,UIS4922
5127,UIS4922R
5128,UIS4923
5129,UIS4923R
5130,UIS4924
5131,UIS4924R
5132,UIS4931
5133,UIS4932
5134,UIS4933
5135,UIS4934
5136,UIS4941
5137,UIS4941R
5138,UIS4942
5139,UIS4942R
5140,UIS4943
5141,UIS4943R
5142,UIS4944
5143,UIS4944R
5144,UIT2205
5145,ULS2202
5146,ULS2206
5147,ULS2207
5148,ULS2208
5149,ULT2298D
5150,UNL2206
5151,UNL2207
5152,UNL2210
5153,UPC2204
5154,UPC2206
5155,UPC2208
5156,UPC2210
5157,UPI2205
5158,UPI2210
5159,UQF2101E
5160,UQF2101G
5161,UQF2101H
5162,UQF2101I
5163,UQF2101J
5164,UQR2215
5165,URM3302
5166,USE2304
5167,USE2312
5168,USE2317
5169,USP3501
5170,USR4002A
5171,USS2105
5172,UTC1102B
5173,UTC1102C
5174,UTC1102E
5175,UTC1102G
5176,UTC1102H
5177,UTC1102S
5178,UTC1112A
5179,UTC1112B
5180,UTC1117
5181,UTC1118
5182,UTC1119
5183,UTC1120
5184,UTC1402
5185,UTC1403
5186,UTC1404
5187,UTC1408
5188,UTC1411
5189,UTC1414
5190,UTC1415
5191,UTC1702A
5192,UTC1702B
5193,UTC1702C
5194,UTC1702D
5195,UTC1702E
5196,UTC1702F
5197,UTC2101
5198,UTC2102
5199,UTC2105
5200,UTC2107
5201,UTC2113
5202,UTC2400
5203,UTC2402
5204,UTC2403
5205,UTC2404
5206,UTC2405
5207,UTC2407
5208,UTC2408
5209,UTC2700
5210,UTC2703
5211,UTC2704
5212,UTC2707
5213,UTC2708
5214,UTC2712
5215,UTC2713
5216,UTC2714
5217,UTC2715
5218,UTC2716
5219,UTC2718
5220,UTC3100
5221,UTC3101
5222,UTC3102
5223,UTC3400
5224,UTC3401
5225,UTS2100
5226,UTS2105
5227,UTS2114
5228,UTS2400
5229,UTS2402
5230,UTS2403
5231,UTS2405
5232,UTS2406
5233,UTS2500
5234,UTS2701
5235,UTS2702
5236,UTS2704
5237,UTS2705
5238,UTS2706
5239,UTS2707
5240,UTS2709
5241,UTW1001H
5242,UTW1001K
5243,UTW1001M
5244,UTW1001N
5245,UTW1001S
5246,UTW1001U
5247,UTW1001V
5248,UTW1001W
5249,UTW1001X
5250,UTW2001J
5251,UTW2001K
5252,UTW2001M
5253,UTW2001P
5254,UTW2001Q
5255,UTW2001R
5256,UTW2001T
5257,UWC2101B
5258,UWC2101D
5259,UWC2101F
5260,UWC2101G
5261,UWC2101L
5262,UWC2101N
5263,UWC2101R
5264,UWC2101U
5265,UWC2101Y
5266,VM5101
5267,VM5102
5268,VM5103
5269,VM5104
5270,VM5105
5271,VM5106
5272,WR1401
5273,XD3103
5274,XFA4401
5275,XFA4402
5276,XFA4403
5277,XFA4404
5278,XFB4001
5279,XFB4002
5280,XFC4101
5281,XFE4401
5282,XFS4199M
5283,XFS4199S
5284,YCC1111
5285,YCC1112
5286,YCC1113
5287,YCC1114
5288,YCC1121
5289,YCC1122
5290,YCC1131
5291,YCC2121
5292,YCC2137
5293,YCT1201
5294,YCT1202
5295,YHU1209
5296,YHU1210
5297,YHU1212
5298,YHU2202
5299,YHU2203
5300,YHU2206
5301,YHU2210
5302,YHU2211
5303,YHU2212
5304,YHU2215
5305,YHU2218
5306,YHU2222
5307,YHU2223
5308,YHU2234
5309,YHU2248
5310,YHU2263
5311,YHU2266
5312,YHU2269
5313,YHU2270
5314,YHU2272
5315,YHU2273
5316,YHU2274
5317,YHU2275
5318,YHU2276
5319,YHU2277
5320,YHU2278
5321,YHU2279
5322,YHU2280
5323,YHU2281
5324,YHU2282
5325,YHU2283
5326,YHU2285
5327,YHU2286
5328,YHU2287
5329,YHU3201
5330,YHU3202
5331,YHU3205
5332,YHU3210C
5333,YHU3211
5334,YHU3216
5335,YHU3221
5336,YHU3225
5337,YHU3243
5338,YHU3244
5339,YHU3252
5340,YHU3254
5341,YHU3256
5342,YHU3265
5343,YHU3266
5344,YHU3268
5345,YHU3269
5346,YHU3270
5347,YHU3271
5348,YHU3272
5349,YHU3273
5350,YHU3274
5351,YHU3275
5352,YHU3276
5353,YHU3278
5354,YHU3279
5355,YHU3281
5356,YHU3282
5357,YHU3283
5358,YHU3285
5359,YHU4101
5360,YHU4102
5361,YHU4103
5362,YHU4104
5363,YHU4206
5364,YHU4207
5365,YHU4213
5366,YHU4214
5367,YHU4215
5368,YHU4219
5369,YHU4221
5370,YHU4222
5371,YHU4223
5372,YHU4224
5373,YHU4227
5374,YHU4228
5375,YHU4229
5376,YHU4230
5377,YHU4231
5378,YHU4232
5379,YHU4233
5380,YID1201
5381,YID2203
5382,YID2207
5383,YID2208
5384,YID2209
5385,YID3201
5386,YID3202D
5387,YID3206
5388,YID3212
5389,YID3213
5390,YID4101
5391,YID4202
5392,YIL1201I
5393,YIL1201R
5394,YIL1201S
5395,YIL1202I
5396,YIL1202R
5397,YIL2201R
5398,YIL2201S
5399,YIL2202P
5400,YIR2311
5401,YIR2312
5402,YIR3311
5403,YIR3311L
5404,YIR3312
5405,YIR4311
5406,YIR4312
5407,YLC1201
5408,YLC1202
5409,YLC2201
5410,YLC2202
5411,YLC3203
5412,YLC3204
5413,YLC3205
5414,YLC3206
5415,YLG1201
5416,YLG2202
5417,YLG3202
5418,YLL1201
5419,YLL3201
5420,YLS1201
5421,YLS1202
5422,YLS2201
5423,YLS2202
5424,YLS3202
5425,YSC1206
5426,YSC1207
5427,YSC1211
5428,YSC1212
5429,YSC1214
5430,YSC1215
5431,YSC2202
5432,YSC2203
5433,YSC2209
5434,YSC2210
5435,YSC2212
5436,YSC2213
5437,YSC2214
5438,YSC2215
5439,YSC2218
5440,YSC2219
5441,YSC2220
5442,YSC2221
5443,YSC2224
5444,YSC2225
5445,YSC2227
5446,YSC2228
5447,YSC2229
5448,YSC2230
5449,YSC3201
5450,YSC3203
5451,YSC3205
5452,YSC3206
5453,YSC3208
5454,YSC3210
5455,YSC3211
5456,YSC3213
5457,YSC3214
5458,YSC3215
5459,YSC3217
5460,YSC3221
5461,YSC3222
5462,YSC3226
5463,YSC3227
5464,YSC3230
5465,YSC3232
5466,YSC3233
5467,YSC3234
5468,YSC3235
5469,YSC3236
5470,YSC3237
5471,YSC3238
5472,YSC3239
5473,YSC3240
5474,YSC4101
5475,YSC4102
5476,YSC4103
5477,YSC4200
5478,YSC4200A
5479,YSC4202
5480,YSC4203
5481,YSC4205
5482,YSC4206
5483,YSC4207
5484,YSC4208
5485,YSC4210
5486,YSC4211
5487,YSH2441
5488,YSH2442
5489,YSH2443
5490,YSH2444
5491,YSH2445
5492,YSH2446
5493,YSS1203
5494,YSS1205
5495,YSS1206
5496,YSS2201
5497,YSS2202
5498,YSS2203
5499,YSS2207
5500,YSS2209
5501,YSS2210
5502,YSS2211
5503,YSS2214
5504,YSS2216
5505,YSS2217
5506,YSS2218
5507,YSS2220
5508,YSS2221
5509,YSS2224
5510,YSS2226
5511,YSS2227
5512,YSS3201
5513,YSS3202
5514,YSS3203
5515,YSS3204
5516,YSS3207
5517,YSS3212
5518,YSS3214
5519,YSS3216A
5520,YSS3219
5521,YSS3222
5522,YSS3224
5523,YSS3226
5524,YSS3231
5525,YSS3235
5526,YSS3237
5527,YSS3238
5528,YSS3241
5529,YSS3243
5530,YSS3244
5531,YSS3246
5532,YSS3248
5533,YSS3254
5534,YSS3255
5535,YSS3256
5536,YSS3257
5537,YSS3258
5538,YSS3259
5539,YSS3260
5540,YSS3262
5541,YSS3263
5542,YSS3264
5543,YSS3265
5544,YSS3266
5545,YSS3267
5546,YSS3268
5547,YSS3269
5548,YSS3270
5549,YSS3271
5550,YSS3272
5551,YSS4101
5552,YSS4102
5553,YSS4103
5554,YSS4104
5555,YSS4105
5556,YSS4106
5557,YSS4107
5558,YSS4205
5559,YSS4208B
5560,YSS4211
5561,YSS4219
5562,YSS4220
5563,YSS4221
5564,YSS4222
5565,YSS4224
5566,YSS4225
5567,YSS4226
5568,YSS4228
5569,YSS4229
5570,YSS4230
5571,YSS4231
5572,YSS4232
5573,YSS4233
5574,YSS4234
5575,YSS4235
5576,YSS4236
5577,YSS4237
5578,YSS4238
5579,ZB3288
5580,ZB3289
5581,ZB3310
5582,ZB3311
5583,ZB3312
5584,ZB4171
5585,ZB4199
